Trade number,Type,Date and time,Signal,Price USD,Size (qty),Size (value),Net PnL USD,Net PnL %,Favorable excursion USD,Favorable excursion %,Adverse excursion USD,Adverse excursion %,Cumulative PnL USD,Cumulative PnL %
1,Exit short,2025-08-01 07:45,Long,23126,1,463720,1200,0.26,3090,0.67,-340,-0.07,1200,0.12
1,Entry short,2025-08-01 03:15,Short,23186,1,463720,1200,0.26,3090,0.67,-340,-0.07,1200,0.12
2,Exit long,2025-08-01 09:30,Long X,22959.5,1,462520,-3330,-0.72,830,0.18,-3330,-0.72,-2130,-0.21
2,Entry long,2025-08-01 07:45,Long,23126,1,462520,-3330,-0.72,830,0.18,-3330,-0.72,-2130,-0.21
3,Exit short,2025-08-01 12:15,Long,23008.25,1,458395,-1770,-0.39,2395,0.52,-2515,-0.55,-3900,-0.39
3,Entry short,2025-08-01 09:30,Short,22919.75,1,458395,-1770,-0.39,2395,0.52,-2515,-0.55,-3900,-0.39
4,Exit long,2025-08-01 12:45,Short,22879,1,460165,-2585,-0.56,225,0.05,-2710,-0.59,-6485,-0.65
4,Entry long,2025-08-01 12:15,Long,23008.25,1,460165,-2585,-0.56,225,0.05,-2710,-0.59,-6485,-0.65
5,Exit short,2025-08-01 15:45,Long,22880.5,1,457580,-30,-0.01,2080,0.45,-1310,-0.29,-6515,-0.65
5,Entry short,2025-08-01 12:45,Short,22879,1,457580,-30,-0.01,2080,0.45,-1310,-0.29,-6515,-0.65
6,Exit long,2025-08-04 00:45,Short,22970,1,457610,1790,0.39,2160,0.47,-1175,-0.26,-4725,-0.47
6,Entry long,2025-08-01 15:45,Long,22880.5,1,457610,1790,0.39,2160,0.47,-1175,-0.26,-4725,-0.47
7,Exit short,2025-08-04 05:00,Short X,23070.25,1,459400,-2005,-0.44,450,0.10,-2005,-0.44,-6730,-0.67
7,Entry short,2025-08-04 00:45,Short,22970,1,459400,-2005,-0.44,450,0.10,-2005,-0.44,-6730,-0.67
8,Exit long,2025-08-05 10:30,Long X,23219,1,466950,-2570,-0.55,1135,0.24,-2570,-0.55,-9300,-0.93
8,Entry long,2025-08-04 16:30,Long,23347.5,1,466950,-2570,-0.55,1135,0.24,-2570,-0.55,-9300,-0.93
9,Exit short,2025-08-06 10:00,Short X,23284,1,463070,-2610,-0.56,2160,0.47,-2610,-0.56,-11910,-1.19
9,Entry short,2025-08-05 15:00,Short,23153.5,1,463070,-2610,-0.56,2160,0.47,-2610,-0.56,-11910,-1.19
10,Exit long,2025-08-12 00:15,Short,23655.75,1,469240,3875,0.83,6850,1.46,-2660,-0.57,-8035,-0.80
10,Entry long,2025-08-06 18:30,Long,23462,1,469240,3875,0.83,6850,1.46,-2660,-0.57,-8035,-0.80
11,Exit short,2025-08-12 08:30,Short X,23738,1,473115,-1645,-0.35,1195,0.25,-1645,-0.35,-9680,-0.97
11,Entry short,2025-08-12 00:15,Short,23655.75,1,473115,-1645,-0.35,1195,0.25,-1645,-0.35,-9680,-0.97
12,Exit long,2025-08-14 06:30,Short,23927.5,1,478825,-275,-0.06,2545,0.53,-1105,-0.23,-9955,-1.00
12,Entry long,2025-08-12 19:15,Long,23941.25,1,478825,-275,-0.06,2545,0.53,-1105,-0.23,-9955,-1.00
13,Exit short,2025-08-14 15:15,Long,23927.75,1,478550,-5,0.00,2685,0.56,-1605,-0.34,-9960,-1.00
13,Entry short,2025-08-14 06:30,Short,23927.5,1,478550,-5,0.00,2685,0.56,-1605,-0.34,-9960,-1.00
14,Exit long,2025-08-14 16:00,Short,23870.25,1,478555,-1150,-0.24,615,0.13,-1155,-0.24,-11110,-1.11
14,Entry long,2025-08-14 15:15,Long,23927.75,1,478555,-1150,-0.24,615,0.13,-1155,-0.24,-11110,-1.11
15,Exit short,2025-08-15 00:00,Short X,23940.25,1,477405,-1400,-0.29,0,0.00,-1400,-0.29,-12510,-1.25
15,Entry short,2025-08-14 16:00,Short,23870.25,1,477405,-1400,-0.29,0,0.00,-1400,-0.29,-12510,-1.25
16,Exit short,2025-08-22 10:45,Long,23602.75,1,478105,6050,1.27,17405,3.64,-380,-0.08,-6460,-0.65
16,Entry short,2025-08-15 08:45,Short,23905.25,1,478105,6050,1.27,17405,3.64,-380,-0.08,-6460,-0.65
17,Exit long,2025-08-24 23:00,Long X,23521,1,472055,-1635,-0.35,945,0.20,-1910,-0.40,-8095,-0.81
17,Entry long,2025-08-22 10:45,Long,23602.75,1,472055,-1635,-0.35,945,0.20,-1910,-0.40,-8095,-0.81
18,Exit long,2025-08-25 06:15,Long X,23484.25,1,470945,-1260,-0.27,425,0.09,-1260,-0.27,-9355,-0.94
18,Entry long,2025-08-24 23:30,Long,23547.25,1,470945,-1260,-0.27,425,0.09,-1260,-0.27,-9355,-0.94
19,Exit long,2025-08-25 20:00,Long X,23424.5,1,469950,-1460,-0.31,2375,0.51,-1460,-0.31,-10815,-1.08
19,Entry long,2025-08-25 07:45,Long,23497.5,1,469950,-1460,-0.31,2375,0.51,-1460,-0.31,-10815,-1.08
20,Exit short,2025-08-26 15:15,Short X,23554.75,1,469095,-2000,-0.43,790,0.17,-2040,-0.43,-12815,-1.28
20,Entry short,2025-08-26 02:45,Short,23454.75,1,469095,-2000,-0.43,790,0.17,-2040,-0.43,-12815,-1.28
21,Exit long,2025-08-27 09:30,Long X,23530.75,1,471955,-1340,-0.28,465,0.10,-1340,-0.28,-14155,-1.42
21,Entry long,2025-08-27 05:30,Long,23597.75,1,471955,-1340,-0.28,465,0.10,-1340,-0.28,-14155,-1.42
22,Exit long,2025-08-27 16:15,Long X,23487.5,1,472000,-2250,-0.48,1780,0.38,-2250,-0.48,-16405,-1.64
22,Entry long,2025-08-27 10:45,Long,23600,1,472000,-2250,-0.48,1780,0.38,-2250,-0.48,-16405,-1.64
23,Exit short,2025-08-28 03:00,Short X,23621.75,1,470980,-1455,-0.31,190,0.04,-1455,-0.31,-17860,-1.79
23,Entry short,2025-08-28 01:30,Short,23549,1,470980,-1455,-0.31,190,0.04,-1455,-0.31,-17860,-1.79
24,Exit long,2025-08-29 09:45,Long X,23519.5,1,472305,-1915,-0.41,3770,0.80,-1915,-0.41,-19775,-1.98
24,Entry long,2025-08-28 03:00,Long,23615.25,1,472305,-1915,-0.41,3770,0.80,-1915,-0.41,-19775,-1.98
25,Exit short,2025-09-03 00:30,Long,23330.75,1,470365,3750,0.80,9860,2.10,-685,-0.15,-16025,-1.60
25,Entry short,2025-08-29 09:45,Short,23518.25,1,470365,3750,0.80,9860,2.10,-685,-0.15,-16025,-1.60
26,Exit long,2025-09-17 10:15,Short,24440.25,1,466615,22190,4.76,26330,5.64,-455,-0.10,6165,0.62
26,Entry long,2025-09-03 00:30,Long,23330.75,1,466615,22190,4.76,26330,5.64,-455,-0.10,6165,0.62
27,Exit short,2025-09-17 21:00,Short X,24576.75,1,488805,-2730,-0.56,3965,0.81,-2975,-0.61,3435,0.34
27,Entry short,2025-09-17 10:15,Short,24440.25,1,488805,-2730,-0.56,3965,0.81,-2975,-0.61,3435,0.34
28,Exit long,2025-09-22 07:00,Short,24778.25,1,492090,3475,0.71,5670,1.15,-360,-0.07,6910,0.69
28,Entry long,2025-09-17 22:15,Long,24604.5,1,492090,3475,0.71,5670,1.15,-360,-0.07,6910,0.69
29,Exit short,2025-09-22 09:45,Short X,24866.75,1,495565,-1770,-0.36,250,0.05,-1770,-0.36,5140,0.51
29,Entry short,2025-09-22 07:00,Short,24778.25,1,495565,-1770,-0.36,250,0.05,-1770,-0.36,5140,0.51
30,Exit long,2025-09-23 13:15,Long X,24886,1,499730,-2010,-0.40,790,0.16,-2010,-0.40,3130,0.31
30,Entry long,2025-09-22 19:00,Long,24986.5,1,499730,-2010,-0.40,790,0.16,-2010,-0.40,3130,0.31
31,Exit short,2025-09-28 18:30,Long,24759.5,1,497380,2190,0.44,8930,1.80,-890,-0.18,5320,0.53
31,Entry short,2025-09-23 13:15,Short,24869,1,497380,2190,0.44,8930,1.80,-890,-0.18,5320,0.53
32,Exit long,2025-09-30 08:00,Short,24792.5,1,495190,660,0.13,4320,0.87,-95,-0.02,5980,0.60
32,Entry long,2025-09-28 18:30,Long,24759.5,1,495190,660,0.13,4320,0.87,-95,-0.02,5980,0.60
33,Exit short,2025-10-01 12:00,Short X,24946,1,495850,-3070,-0.62,3185,0.64,-3070,-0.62,2910,0.29
33,Entry short,2025-09-30 08:00,Short,24792.5,1,495850,-3070,-0.62,3185,0.64,-3070,-0.62,2910,0.29
34,Exit long,2025-10-03 13:15,Short,25026.75,1,500345,190,0.04,3585,0.72,-470,-0.09,3100,0.31
34,Entry long,2025-10-01 18:30,Long,25017.25,1,500345,190,0.04,3585,0.72,-470,-0.09,3100,0.31
35,Exit short,2025-10-05 23:00,Short X,25093.25,1,500535,-1330,-0.27,2070,0.41,-1330,-0.27,1770,0.18
35,Entry short,2025-10-03 13:15,Short,25026.75,1,500535,-1330,-0.27,2070,0.41,-1330,-0.27,1770,0.18
36,Exit short,2025-10-06 04:45,Long,25106.75,1,501710,-425,-0.08,800,0.16,-585,-0.12,1345,0.13
36,Entry short,2025-10-06 01:15,Short,25085.5,1,501710,-425,-0.08,800,0.16,-585,-0.12,1345,0.13
37,Exit long,2025-10-07 19:15,Short,25044.75,1,502135,-1240,-0.25,3365,0.67,-2440,-0.49,105,0.01
37,Entry long,2025-10-06 04:45,Long,25106.75,1,502135,-1240,-0.25,3365,0.67,-2440,-0.49,105,0.01
38,Exit short,2025-10-08 04:30,Short X,25108.5,1,500895,-1275,-0.25,370,0.07,-1275,-0.25,-1170,-0.12
38,Entry short,2025-10-07 19:15,Short,25044.75,1,500895,-1275,-0.25,370,0.07,-1275,-0.25,-1170,-0.12
39,Exit short,2025-10-08 09:30,Short X,25145.75,1,501250,-1665,-0.33,155,0.03,-1665,-0.33,-2835,-0.28
39,Entry short,2025-10-08 08:45,Short,25062.5,1,501250,-1665,-0.33,155,0.03,-1665,-0.33,-2835,-0.28
40,Exit long,2025-10-09 10:30,Long X,25224,1,506550,-2070,-0.41,805,0.16,-2070,-0.41,-4905,-0.49
40,Entry long,2025-10-09 00:00,Long,25327.5,1,506550,-2070,-0.41,805,0.16,-2070,-0.41,-4905,-0.49
41,Exit long,2025-10-09 12:45,Short,25203.75,1,505320,-1245,-0.25,145,0.03,-1400,-0.28,-6150,-0.61
41,Entry long,2025-10-09 12:00,Long,25266,1,505320,-1245,-0.25,145,0.03,-1400,-0.28,-6150,-0.61
42,Exit short,2025-10-09 18:30,Short X,25309.25,1,504075,-2110,-0.42,860,0.17,-2110,-0.42,-8260,-0.83
42,Entry short,2025-10-09 12:45,Short,25203.75,1,504075,-2110,-0.42,860,0.17,-2110,-0.42,-8260,-0.83
43,Exit long,2025-10-10 05:45,Long X,25272.5,1,507025,-1575,-0.31,60,0.01,-1575,-0.31,-9835,-0.98
43,Entry long,2025-10-10 02:00,Long,25351.25,1,507025,-1575,-0.31,60,0.01,-1575,-0.31,-9835,-0.98
44,Exit long,2025-10-10 10:45,Long X,25176,1,506005,-2485,-0.49,1755,0.35,-2485,-0.49,-12320,-1.23
44,Entry long,2025-10-10 06:45,Long,25300.25,1,506005,-2485,-0.49,1755,0.35,-2485,-0.49,-12320,-1.23
45,Exit short,2025-10-13 18:45,Long,24930.5,1,496915,-1695,-0.34,2425,0.49,-2385,-0.48,-14015,-1.40
45,Entry short,2025-10-13 05:45,Short,24845.75,1,496915,-1695,-0.34,2425,0.49,-2385,-0.48,-14015,-1.40
46,Exit long,2025-10-14 00:15,Long X,24799,1,498610,-2630,-0.53,2275,0.46,-2630,-0.53,-16645,-1.66
46,Entry long,2025-10-13 18:45,Long,24930.5,1,498610,-2630,-0.53,2275,0.46,-2630,-0.53,-16645,-1.66
47,Exit short,2025-10-14 14:15,Short X,24916,1,492790,-5530,-1.12,4370,0.89,-6160,-1.25,-22175,-2.22
47,Entry short,2025-10-14 05:45,Short,24639.5,1,492790,-5530,-1.12,4370,0.89,-6160,-1.25,-22175,-2.22
48,Exit long,2025-10-16 18:45,Short,24741.5,1,495510,-680,-0.14,8080,1.63,-2640,-0.53,-22855,-2.29
48,Entry long,2025-10-14 18:30,Long,24775.5,1,495510,-680,-0.14,8080,1.63,-2640,-0.53,-22855,-2.29
49,Exit short,2025-10-17 12:15,Long,24948.5,1,494830,-4140,-0.84,6630,1.34,-4385,-0.89,-26995,-2.70
49,Entry short,2025-10-16 18:45,Short,24741.5,1,494830,-4140,-0.84,6630,1.34,-4385,-0.89,-26995,-2.70
50,Exit long,2025-10-21 20:30,Short,25223,1,498970,5490,1.10,8390,1.68,-2390,-0.48,-21505,-2.15
50,Entry long,2025-10-17 12:15,Long,24948.5,1,498970,5490,1.10,8390,1.68,-2390,-0.48,-21505,-2.15
51,Exit short,2025-10-22 00:00,Short X,25305.25,1,504460,-1645,-0.33,170,0.03,-1645,-0.33,-23150,-2.31
51,Entry short,2025-10-21 20:30,Short,25223,1,504460,-1645,-0.33,170,0.03,-1645,-0.33,-23150,-2.31
52,Exit long,2025-10-22 09:30,Long X,25204.25,1,506085,-2000,-0.40,15,0.00,-2000,-0.40,-25150,-2.51
52,Entry long,2025-10-22 06:30,Long,25304.25,1,506085,-2000,-0.40,15,0.00,-2000,-0.40,-25150,-2.51
53,Exit short,2025-10-23 16:00,Short X,25276.5,1,502505,-3025,-0.60,6410,1.28,-3255,-0.65,-28175,-2.82
53,Entry short,2025-10-22 10:15,Short,25125.25,1,502505,-3025,-0.60,6410,1.28,-3255,-0.65,-28175,-2.82
54,Exit long,2025-10-30 08:45,Short,26087.25,1,505650,16095,3.18,22330,4.42,-345,-0.07,-12080,-1.21
54,Entry long,2025-10-23 16:30,Long,25282.5,1,505650,16095,3.18,22330,4.42,-345,-0.07,-12080,-1.21
55,Exit short,2025-10-31 00:15,Short X,26207.5,1,521745,-2405,-0.46,4685,0.90,-2525,-0.48,-14485,-1.45
55,Entry short,2025-10-30 08:45,Short,26087.25,1,521745,-2405,-0.46,4685,0.90,-2525,-0.48,-14485,-1.45
56,Exit long,2025-10-31 10:00,Long X,26066.75,1,523955,-2620,-0.50,1525,0.29,-2620,-0.50,-17105,-1.71
56,Entry long,2025-10-31 00:15,Long,26197.75,1,523955,-2620,-0.50,1525,0.29,-2620,-0.50,-17105,-1.71
57,Exit short,2025-11-02 20:15,Short X,26119.5,1,519565,-2825,-0.54,65,0.01,-2855,-0.55,-19930,-1.99
57,Entry short,2025-10-31 16:30,Short,25978.25,1,519565,-2825,-0.54,65,0.01,-2855,-0.55,-19930,-1.99
58,Exit short,2025-11-03 08:45,Long,26189,1,521890,-1890,-0.36,1545,0.30,-1935,-0.37,-21820,-2.18
58,Entry short,2025-11-02 21:00,Short,26094.5,1,521890,-1890,-0.36,1545,0.30,-1935,-0.37,-21820,-2.18
59,Exit long,2025-11-03 10:15,Long X,26034.75,1,523780,-3085,-0.59,1540,0.29,-3085,-0.59,-24905,-2.49
59,Entry long,2025-11-03 08:45,Long,26189,1,523780,-3085,-0.59,1540,0.29,-3085,-0.59,-24905,-2.49
60,Exit long,2025-11-03 14:30,Short,26090.5,1,522645,-835,-0.16,680,0.13,-1320,-0.25,-25740,-2.57
60,Entry long,2025-11-03 12:00,Long,26132.25,1,522645,-835,-0.16,680,0.13,-1320,-0.25,-25740,-2.57
61,Exit short,2025-11-05 18:45,Long,25772.75,1,521810,6355,1.22,16170,3.10,-1790,-0.34,-19385,-1.94
61,Entry short,2025-11-03 14:30,Short,26090.5,1,521810,6355,1.22,16170,3.10,-1790,-0.34,-19385,-1.94
62,Exit long,2025-11-06 02:30,Long X,25655,1,515455,-2355,-0.46,45,0.01,-3110,-0.60,-21740,-2.17
62,Entry long,2025-11-05 18:45,Long,25772.75,1,515455,-2355,-0.46,45,0.01,-3110,-0.60,-21740,-2.17
63,Exit long,2025-11-06 09:30,Long X,25595.25,1,514620,-2715,-0.53,1825,0.35,-2715,-0.53,-24455,-2.45
63,Entry long,2025-11-06 04:30,Long,25731,1,514620,-2715,-0.53,1825,0.35,-2715,-0.53,-24455,-2.45
64,Exit short,2025-11-09 22:15,Short X,25470,1,505805,-3595,-0.71,11620,2.30,-3595,-0.71,-28050,-2.80
64,Entry short,2025-11-06 16:00,Short,25290.25,1,505805,-3595,-0.71,11620,2.30,-3595,-0.71,-28050,-2.80
65,Exit long,2025-11-11 10:15,Short,25546.5,1,509840,1090,0.21,5535,1.09,-800,-0.16,-26960,-2.70
65,Entry long,2025-11-10 00:15,Long,25492,1,509840,1090,0.21,5535,1.09,-800,-0.16,-26960,-2.70
66,Exit short,2025-11-11 19:15,Short X,25684,1,510930,-2750,-0.54,1360,0.27,-2995,-0.59,-29710,-2.97
66,Entry short,2025-11-11 10:15,Short,25546.5,1,510930,-2750,-0.54,1360,0.27,-2995,-0.59,-29710,-2.97
67,Exit long,2025-11-12 14:45,Short,25580.25,1,513660,-2055,-0.40,2940,0.57,-3885,-0.76,-31765,-3.18
67,Entry long,2025-11-11 19:30,Long,25683,1,513660,-2055,-0.40,2940,0.57,-3885,-0.76,-31765,-3.18
68,Exit short,2025-11-13 00:30,Short X,25706.75,1,511605,-2530,-0.49,1575,0.31,-2795,-0.55,-34295,-3.43
68,Entry short,2025-11-12 14:45,Short,25580.25,1,511605,-2530,-0.49,1575,0.31,-2795,-0.55,-34295,-3.43
69,Exit long,2025-11-13 04:30,Long X,25542.75,1,513555,-2700,-0.53,130,0.03,-2700,-0.53,-36995,-3.70
69,Entry long,2025-11-13 03:45,Long,25677.75,1,513555,-2700,-0.53,130,0.03,-2700,-0.53,-36995,-3.70
70,Exit short,2025-11-16 18:30,Long,25167.75,1,509260,5905,1.16,16740,3.29,-780,-0.15,-31090,-3.11
70,Entry short,2025-11-13 09:00,Short,25463,1,509260,5905,1.16,16740,3.29,-780,-0.15,-31090,-3.11
71,Exit long,2025-11-17 09:30,Long X,24976.75,1,503355,-3820,-0.76,3870,0.77,-3820,-0.76,-34910,-3.49
71,Entry long,2025-11-16 18:30,Long,25167.75,1,503355,-3820,-0.76,3870,0.77,-3820,-0.76,-34910,-3.49
72,Exit short,2025-11-19 10:15,Long,24954.75,1,499770,675,0.14,12245,2.45,-4250,-0.85,-34235,-3.42
72,Entry short,2025-11-17 11:00,Short,24988.5,1,499770,675,0.14,12245,2.45,-4250,-0.85,-34235,-3.42
73,Exit long,2025-11-19 11:15,Long X,24670.5,1,499095,-5685,-1.14,300,0.06,-5685,-1.14,-39920,-3.99
73,Entry long,2025-11-19 10:15,Long,24954.75,1,499095,-5685,-1.14,300,0.06,-5685,-1.14,-39920,-3.99
74,Exit long,2025-11-20 11:45,Long X,24605.25,1,499380,-7275,-1.46,6820,1.37,-7275,-1.46,-47195,-4.72
74,Entry long,2025-11-19 16:30,Long,24969,1,499380,-7275,-1.46,6820,1.37,-7275,-1.46,-47195,-4.72
75,Exit short,2025-11-21 14:15,Short X,24583,1,482510,-9150,-1.90,4420,0.92,-9150,-1.90,-56345,-5.63
75,Entry short,2025-11-20 23:30,Short,24125.5,1,482510,-9150,-1.90,4420,0.92,-9150,-1.90,-56345,-5.63
76,Exit long,2025-12-01 06:30,Short,25282,1,489560,16080,3.28,21360,4.36,-2325,-0.47,-40265,-4.03
76,Entry long,2025-11-23 18:30,Long,24478,1,489560,16080,3.28,21360,4.36,-2325,-0.47,-40265,-4.03
77,Exit short,2025-12-01 11:45,Long,25435.5,1,505640,-3070,-0.61,1455,0.29,-3380,-0.67,-43335,-4.33
77,Entry short,2025-12-01 06:30,Short,25282,1,505640,-3070,-0.61,1455,0.29,-3380,-0.67,-43335,-4.33
78,Exit long,2025-12-02 01:00,Long X,25345.75,1,508710,-1795,-0.35,1205,0.24,-1795,-0.35,-45130,-4.51
78,Entry long,2025-12-01 11:45,Long,25435.5,1,508710,-1795,-0.35,1205,0.24,-1795,-0.35,-45130,-4.51
79,Exit long,2025-12-04 18:45,Short,25621,1,507390,5030,0.99,7260,1.43,-895,-0.18,-40100,-4.01
79,Entry long,2025-12-02 01:45,Long,25369.5,1,507390,5030,0.99,7260,1.43,-895,-0.18,-40100,-4.01
80,Exit short,2025-12-04 22:45,Short X,25705.5,1,512420,-1690,-0.33,200,0.04,-1845,-0.36,-41790,-4.18
80,Entry short,2025-12-04 18:45,Short,25621,1,512420,-1690,-0.33,200,0.04,-1845,-0.36,-41790,-4.18
81,Exit long,2025-12-05 08:30,Long X,25654,1,514470,-1390,-0.27,645,0.13,-1390,-0.27,-43180,-4.32
81,Entry long,2025-12-05 00:45,Long,25723.5,1,514470,-1390,-0.27,645,0.13,-1390,-0.27,-43180,-4.32
82,Exit long,2025-12-05 11:30,Long X,25664,1,517165,-3885,-0.75,195,0.04,-3885,-0.75,-47065,-4.71
82,Entry long,2025-12-05 10:00,Long,25858.25,1,517165,-3885,-0.75,195,0.04,-3885,-0.75,-47065,-4.71
83,Exit long,2025-12-08 13:45,Long X,25572,1,514705,-3265,-0.63,2510,0.49,-3265,-0.63,-50330,-5.03
83,Entry long,2025-12-05 13:30,Long,25735.25,1,514705,-3265,-0.63,2510,0.49,-3265,-0.63,-50330,-5.03
84,Exit short,2025-12-11 21:00,Long,25698.75,1,513870,-105,-0.02,6210,1.21,-3545,-0.69,-50435,-5.04
84,Entry short,2025-12-08 20:30,Short,25693.5,1,513870,-105,-0.02,6210,1.21,-3545,-0.69,-50435,-5.04
85,Exit long,2025-12-12 04:00,Long X,25623,1,513975,-1515,-0.29,110,0.02,-1515,-0.29,-51950,-5.19
85,Entry long,2025-12-11 21:00,Long,25698.75,1,513975,-1515,-0.29,110,0.02,-1515,-0.29,-51950,-5.19
86,Exit short,2025-12-16 15:00,Long,25333.75,1,508760,2085,0.41,8095,1.59,-330,-0.06,-49865,-4.99
86,Entry short,2025-12-12 10:00,Short,25438,1,508760,2085,0.41,8095,1.59,-330,-0.06,-49865,-4.99
87,Exit long,2025-12-17 10:30,Long X,25136,1,506675,-3955,-0.78,3495,0.69,-3955,-0.78,-53820,-5.38
87,Entry long,2025-12-16 15:00,Long,25333.75,1,506675,-3955,-0.78,3495,0.69,-3955,-0.78,-53820,-5.38
88,Exit short,2025-12-18 03:45,Short X,25057.5,1,498850,-2300,-0.46,805,0.16,-2300,-0.46,-56120,-5.61
88,Entry short,2025-12-17 19:00,Short,24942.5,1,498850,-2300,-0.46,805,0.16,-2300,-0.46,-56120,-5.61
89,Exit long,2025-12-29 00:00,Short,25830.75,1,506155,10460,2.07,12550,2.48,-2225,-0.44,-45660,-4.57
89,Entry long,2025-12-18 15:15,Long,25307.75,1,506155,10460,2.07,12550,2.48,-2225,-0.44,-45660,-4.57
90,Exit short,2026-01-02 03:45,Long,25710.25,1,516615,2410,0.47,8035,1.56,-240,-0.05,-43250,-4.32
90,Entry short,2025-12-29 00:00,Short,25830.75,1,516615,2410,0.47,8035,1.56,-240,-0.05,-43250,-4.32
91,Exit long,2026-01-02 10:45,Long X,25367.5,1,514205,-6855,-1.33,1870,0.36,-6855,-1.33,-50105,-5.01
91,Entry long,2026-01-02 03:45,Long,25710.25,1,514205,-6855,-1.33,1870,0.36,-6855,-1.33,-50105,-5.01
92,Exit short,2026-01-05 06:15,Short X,25563.5,1,509345,-1925,-0.38,245,0.05,-1925,-0.38,-52030,-5.20
92,Entry short,2026-01-04 21:30,Short,25467.25,1,509345,-1925,-0.38,245,0.05,-1925,-0.38,-52030,-5.20
93,Exit long,2026-01-08 05:00,Short,25751.25,1,511950,3075,0.60,7975,1.56,-1400,-0.27,-48955,-4.90
93,Entry long,2026-01-05 20:45,Long,25597.5,1,511950,3075,0.60,7975,1.56,-1400,-0.27,-48955,-4.90
94,Exit short,2026-01-09 08:45,Long,25804.75,1,515025,-1070,-0.21,3645,0.71,-1335,-0.26,-50025,-5.00
94,Entry short,2026-01-08 05:00,Short,25751.25,1,515025,-1070,-0.21,3645,0.71,-1335,-0.26,-50025,-5.00
95,Exit long,2026-01-09 09:30,Long X,25683,1,516095,-2435,-0.47,400,0.08,-2435,-0.47,-52460,-5.25
95,Entry long,2026-01-09 08:45,Long,25804.75,1,516095,-2435,-0.47,400,0.08,-2435,-0.47,-52460,-5.25
96,Exit long,2026-01-11 20:15,Long X,25749.5,1,517820,-2830,-0.55,1890,0.36,-2830,-0.55,-55290,-5.53
96,Entry long,2026-01-09 11:00,Long,25891,1,517820,-2830,-0.55,1890,0.36,-2830,-0.55,-55290,-5.53
97,Exit short,2026-01-12 07:45,Short X,25751.75,1,513210,-1825,-0.36,10,0.00,-1825,-0.36,-57115,-5.71
97,Entry short,2026-01-12 03:45,Short,25660.5,1,513210,-1825,-0.36,10,0.00,-1825,-0.36,-57115,-5.71
98,Exit long,2026-01-13 20:00,Short,25902.75,1,517815,240,0.05,3095,0.60,-1750,-0.34,-56875,-5.69
98,Entry long,2026-01-12 21:00,Long,25890.75,1,517815,240,0.05,3095,0.60,-1750,-0.34,-56875,-5.69
99,Exit short,2026-01-13 22:45,Long,25915,1,518055,-245,-0.05,535,0.10,-460,-0.09,-57120,-5.71
99,Entry short,2026-01-13 20:00,Short,25902.75,1,518055,-245,-0.05,535,0.10,-460,-0.09,-57120,-5.71
100,Exit long,2026-01-14 01:00,Long X,25841.75,1,518300,-1465,-0.28,85,0.02,-1465,-0.28,-58585,-5.86
100,Entry long,2026-01-13 22:45,Long,25915,1,518300,-1465,-0.28,85,0.02,-1465,-0.28,-58585,-5.86
101,Exit short,2026-01-15 08:30,Short X,25873.5,1,515410,-2060,-0.40,6995,1.36,-2060,-0.40,-60645,-6.06
101,Entry short,2026-01-14 05:15,Short,25770.5,1,515410,-2060,-0.40,6995,1.36,-2060,-0.40,-60645,-6.06
102,Exit long,2026-01-15 15:15,Long X,25720.25,1,517890,-3485,-0.67,870,0.17,-3485,-0.67,-64130,-6.41
102,Entry long,2026-01-15 11:00,Long,25894.5,1,517890,-3485,-0.67,870,0.17,-3485,-0.67,-64130,-6.41
103,Exit short,2026-01-21 14:30,Long,25557.5,1,513725,2575,0.50,13225,2.57,-70,-0.01,-61555,-6.16
103,Entry short,2026-01-16 16:15,Short,25686.25,1,513725,2575,0.50,13225,2.57,-70,-0.01,-61555,-6.16
104,Exit long,2026-01-23 08:30,Short,25588.25,1,511150,615,0.12,3645,0.71,-2230,-0.44,-60940,-6.09
104,Entry long,2026-01-21 14:30,Long,25557.5,1,511150,615,0.12,3645,0.71,-2230,-0.44,-60940,-6.09
105,Exit short,2026-01-23 10:15,Short X,25751.75,1,511765,-3270,-0.64,630,0.12,-3270,-0.64,-64210,-6.42
105,Entry short,2026-01-23 08:30,Short,25588.25,1,511765,-3270,-0.64,630,0.12,-3270,-0.64,-64210,-6.42
106,Exit long,2026-01-25 18:00,Long X,25585.5,1,514905,-3195,-0.62,265,0.05,-3195,-0.62,-67405,-6.74
106,Entry long,2026-01-23 14:15,Long,25745.25,1,514905,-3195,-0.62,265,0.05,-3195,-0.62,-67405,-6.74
107,Exit long,2026-01-28 14:15,Short,26122.75,1,512140,10315,2.01,14840,2.90,-885,-0.17,-57090,-5.71
107,Entry long,2026-01-25 19:15,Long,25607,1,512140,10315,2.01,14840,2.90,-885,-0.17,-57090,-5.71
108,Exit short,2026-01-29 00:30,Short X,26246.75,1,522455,-2480,-0.47,2590,0.50,-3465,-0.66,-59570,-5.96
108,Entry short,2026-01-28 14:15,Short,26122.75,1,522455,-2480,-0.47,2590,0.50,-3465,-0.66,-59570,-5.96
109,Exit short,2026-02-02 16:45,Long,25873.25,1,515745,-1720,-0.33,12140,2.35,-3245,-0.63,-61290,-6.13
109,Entry short,2026-01-30 01:15,Short,25787.25,1,515745,-1720,-0.33,12140,2.35,-3245,-0.63,-61290,-6.13
110,Exit long,2026-02-03 09:30,Long X,25775.25,1,517465,-1960,-0.38,3090,0.60,-1960,-0.38,-63250,-6.32
110,Entry long,2026-02-02 16:45,Long,25873.25,1,517465,-1960,-0.38,3090,0.60,-1960,-0.38,-63250,-6.32
111,Exit short,2026-02-06 11:00,Long,25002.75,1,508020,7965,1.57,23225,4.57,-2265,-0.45,-55285,-5.53
111,Entry short,2026-02-03 18:30,Short,25401,1,508020,7965,1.57,23225,4.57,-2265,-0.45,-55285,-5.53
112,Exit long,2026-02-11 10:30,Short,25180.75,1,500055,3560,0.71,9250,1.85,-945,-0.19,-51725,-5.17
112,Entry long,2026-02-06 11:00,Long,25002.75,1,500055,3560,0.71,9250,1.85,-945,-0.19,-51725,-5.17
113,Exit short,2026-02-11 19:45,Long,25265.25,1,503615,-1690,-0.34,950,0.19,-3595,-0.71,-53415,-5.34
113,Entry short,2026-02-11 10:30,Short,25180.75,1,503615,-1690,-0.34,950,0.19,-3595,-0.71,-53415,-5.34
114,Exit long,2026-02-12 10:30,Long X,25083.75,1,505305,-3630,-0.72,3090,0.61,-3630,-0.72,-57045,-5.70
114,Entry long,2026-02-11 19:45,Long,25265.25,1,505305,-3630,-0.72,3090,0.61,-3630,-0.72,-57045,-5.70
115,Exit short,2026-02-16 02:00,Short X,24855,1,495270,-1830,-0.37,3695,0.75,-4640,-0.94,-58875,-5.89
115,Entry short,2026-02-12 15:45,Short,24763.5,1,495270,-1830,-0.37,3695,0.75,-4640,-0.94,-58875,-5.89
116,Exit short,2026-02-17 19:15,Long,24738.75,1,495485,710,0.14,6500,1.31,-2310,-0.47,-58165,-5.82
116,Entry short,2026-02-16 20:30,Short,24774.25,1,495485,710,0.14,6500,1.31,-2310,-0.47,-58165,-5.82
117,Exit long,2026-02-19 08:15,Short,24831.75,1,494775,1860,0.38,7790,1.57,-585,-0.12,-56305,-5.63
117,Entry long,2026-02-17 19:15,Long,24738.75,1,494775,1860,0.38,7790,1.57,-585,-0.12,-56305,-5.63
118,Exit short,2026-02-20 00:30,Short X,24929.25,1,496635,-1950,-0.39,1655,0.33,-2555,-0.51,-58255,-5.83
118,Entry short,2026-02-19 08:15,Short,24831.75,1,496635,-1950,-0.39,1655,0.33,-2555,-0.51,-58255,-5.83
119,Exit long,2026-02-20 06:00,Long X,24842.25,1,498860,-2015,-0.40,835,0.17,-2015,-0.40,-60270,-6.03
119,Entry long,2026-02-20 00:45,Long,24943,1,498860,-2015,-0.40,835,0.17,-2015,-0.40,-60270,-6.03
120,Exit long,2026-02-23 10:45,Long X,24741.75,1,499210,-4375,-0.88,1590,0.32,-4375,-0.88,-64645,-6.46
120,Entry long,2026-02-23 09:00,Long,24960.5,1,499210,-4375,-0.88,1590,0.32,-4375,-0.88,-64645,-6.46
121,Exit short,2026-02-23 22:00,Short X,24871,1,494865,-2555,-0.52,1290,0.26,-2715,-0.55,-67200,-6.72
121,Entry short,2026-02-23 14:00,Short,24743.25,1,494865,-2555,-0.52,1290,0.26,-2715,-0.55,-67200,-6.72
122,Exit long,2026-02-24 08:00,Short,24827,1,497195,-655,-0.13,850,0.17,-1975,-0.40,-67855,-6.79
122,Entry long,2026-02-24 02:15,Long,24859.75,1,497195,-655,-0.13,850,0.17,-1975,-0.40,-67855,-6.79
123,Exit short,2026-02-24 09:45,Long,24877.25,1,496540,-1005,-0.20,2650,0.53,-2745,-0.55,-68860,-6.89
123,Entry short,2026-02-24 08:00,Short,24827,1,496540,-1005,-0.20,2650,0.53,-2745,-0.55,-68860,-6.89
124,Exit long,2026-02-26 18:30,Short,24990.25,1,497545,2260,0.45,12350,2.48,-1155,-0.23,-66600,-6.66
124,Entry long,2026-02-24 09:45,Long,24877.25,1,497545,2260,0.45,12350,2.48,-1155,-0.23,-66600,-6.66
125,Exit short,2026-02-27 03:00,Short X,25087.75,1,499805,-1950,-0.39,710,0.14,-1950,-0.39,-68550,-6.85
125,Entry short,2026-02-26 18:30,Short,24990.25,1,499805,-1950,-0.39,710,0.14,-1950,-0.39,-68550,-6.85
126,Exit short,2026-03-02 11:45,Long,25033.5,1,500355,-315,-0.06,10815,2.16,-545,-0.11,-68865,-6.89
126,Entry short,2026-02-27 05:15,Short,25017.75,1,500355,-315,-0.06,10815,2.16,-545,-0.11,-68865,-6.89
127,Exit long,2026-03-02 21:00,Long X,24856.5,1,500670,-3540,-0.71,1350,0.27,-3540,-0.71,-72405,-7.24
127,Entry long,2026-03-02 11:45,Long,25033.5,1,500670,-3540,-0.71,1350,0.27,-3540,-0.71,-72405,-7.24
128,Exit short,2026-03-03 19:15,Long,24766.75,1,495310,-25,-0.01,8270,1.67,-1690,-0.34,-72430,-7.24
128,Entry short,2026-03-03 00:45,Short,24765.5,1,495310,-25,-0.01,8270,1.67,-1690,-0.34,-72430,-7.24
129,Exit long,2026-03-04 00:15,Long X,24545.25,1,495335,-4430,-0.89,110,0.02,-4835,-0.98,-76860,-7.69
129,Entry long,2026-03-03 19:15,Long,24766.75,1,495335,-4430,-0.89,110,0.02,-4835,-0.98,-76860,-7.69
130,Exit long,2026-03-06 08:45,Long X,24667.5,1,497785,-4435,-0.89,7215,1.45,-4435,-0.89,-81295,-8.13
130,Entry long,2026-03-04 08:45,Long,24889.25,1,497785,-4435,-0.89,7215,1.45,-4435,-0.89,-81295,-8.13
131,Exit short,2026-03-09 15:45,Long,24992.25,1,496265,-3580,-0.72,16265,3.28,-4895,-0.99,-84875,-8.49
131,Entry short,2026-03-06 12:15,Short,24813.25,1,496265,-3580,-0.72,16265,3.28,-4895,-0.99,-84875,-8.49
132,Exit long,2026-03-11 07:30,Short,24972.75,1,499845,-390,-0.08,4505,0.90,-3245,-0.65,-85265,-8.53
132,Entry long,2026-03-09 15:45,Long,24992.25,1,499845,-390,-0.08,4505,0.90,-3245,-0.65,-85265,-8.53
133,Exit short,2026-03-16 05:00,Long,24524.25,1,499455,8970,1.80,13895,2.78,-4145,-0.83,-76295,-7.63
133,Entry short,2026-03-11 07:30,Short,24972.75,1,499455,8970,1.80,13895,2.78,-4145,-0.83,-76295,-7.63
134,Exit long,2026-03-18 13:15,Short,24831.5,1,490485,6145,1.25,13725,2.80,-925,-0.19,-70150,-7.01
134,Entry long,2026-03-16 05:00,Long,24524.25,1,490485,6145,1.25,13725,2.80,-925,-0.19,-70150,-7.01
135,Exit short,2026-03-23 13:45,Long,24468.25,1,496630,7265,1.46,21180,4.26,-1700,-0.34,-62885,-6.29
135,Entry short,2026-03-18 13:15,Short,24831.5,1,496630,7265,1.46,21180,4.26,-1700,-0.34,-62885,-6.29
136,Exit long,2026-03-23 22:00,Long X,24225.5,1,489365,-4855,-0.99,1370,0.28,-4855,-0.99,-67740,-6.77
136,Entry long,2026-03-23 13:45,Long,24468.25,1,489365,-4855,-0.99,1370,0.28,-4855,-0.99,-67740,-6.77
137,Exit short,2026-03-24 03:00,Short X,24442.25,1,484900,-3945,-0.81,1030,0.21,-3945,-0.81,-71685,-7.17
137,Entry short,2026-03-24 00:30,Short,24245,1,484900,-3945,-0.81,1030,0.21,-3945,-0.81,-71685,-7.17
138,Exit long,2026-03-24 09:30,Long X,24176.75,1,488405,-4870,-1.00,275,0.06,-4870,-1.00,-76555,-7.66
138,Entry long,2026-03-24 05:45,Long,24420.25,1,488405,-4870,-1.00,275,0.06,-4870,-1.00,-76555,-7.66
139,Exit short,2026-03-24 16:15,Short X,24543.75,1,485625,-5250,-1.08,2420,0.50,-5250,-1.08,-81805,-8.18
139,Entry short,2026-03-24 12:45,Short,24281.25,1,485625,-5250,-1.08,2420,0.50,-5250,-1.08,-81805,-8.18
140,Exit long,2026-03-25 19:00,Short,24310.75,1,488255,-2040,-0.42,2540,0.52,-2525,-0.52,-83845,-8.38
140,Entry long,2026-03-25 00:15,Long,24412.75,1,488255,-2040,-0.42,2540,0.52,-2525,-0.52,-83845,-8.38
141,Exit short,2026-03-31 04:15,Long,23327.5,1,486215,19665,4.04,26985,5.55,-2210,-0.45,-64180,-6.42
141,Entry short,2026-03-25 19:00,Short,24310.75,1,486215,19665,4.04,26985,5.55,-2210,-0.45,-64180,-6.42
142,Exit long,2026-04-02 06:15,Short,23781.5,1,466550,9080,1.95,20415,4.38,-1780,-0.38,-55100,-5.51
142,Entry long,2026-03-31 04:15,Long,23327.5,1,466550,9080,1.95,20415,4.38,-1780,-0.38,-55100,-5.51
143,Exit short,2026-04-02 10:30,Short X,24034,1,475630,-5050,-1.06,2310,0.49,-5050,-1.06,-60150,-6.01
143,Entry short,2026-04-02 06:15,Short,23781.5,1,475630,-5050,-1.06,2310,0.49,-5050,-1.06,-60150,-6.01
144,Exit long,2026-04-05 18:00,Long X,24023.75,1,482810,-2335,-0.48,2290,0.47,-2335,-0.48,-62485,-6.25
144,Entry long,2026-04-02 14:45,Long,24140.5,1,482810,-2335,-0.48,2290,0.47,-2335,-0.48,-62485,-6.25
145,Exit long,2026-04-07 15:00,Short,24132.25,1,483315,-670,-0.14,5730,1.19,-4485,-0.93,-63155,-6.32
145,Entry long,2026-04-05 20:00,Long,24165.75,1,483315,-670,-0.14,5730,1.19,-4485,-0.93,-63155,-6.32
146,Exit short,2026-04-07 16:30,Short X,24436.75,1,482645,-6090,-1.26,130,0.03,-6090,-1.26,-69245,-6.92
146,Entry short,2026-04-07 15:00,Short,24132.25,1,482645,-6090,-1.26,130,0.03,-6090,-1.26,-69245,-6.92
147,Exit long,2026-04-12 18:30,Short,24941.75,1,495490,3345,0.68,12370,2.50,-175,-0.04,-65900,-6.59
147,Entry long,2026-04-07 18:30,Long,24774.5,1,495490,3345,0.68,12370,2.50,-175,-0.04,-65900,-6.59
148,Exit short,2026-04-13 00:15,Short X,25067,1,498835,-2505,-0.50,395,0.08,-3040,-0.61,-68405,-6.84
148,Entry short,2026-04-12 18:30,Short,24941.75,1,498835,-2505,-0.50,395,0.08,-3040,-0.61,-68405,-6.84
149,Exit short,2026-04-13 09:30,Short X,25233.25,1,502320,-2345,-0.47,70,0.01,-2345,-0.47,-70750,-7.07
149,Entry short,2026-04-13 08:00,Short,25116,1,502320,-2345,-0.47,70,0.01,-2345,-0.47,-70750,-7.07
150,Exit long,2026-04-28 05:30,Short,27284.5,1,507610,38080,7.50,43240,8.52,-145,-0.03,-32670,-3.27
150,Entry long,2026-04-13 12:30,Long,25380.5,1,507610,38080,7.50,43240,8.52,-145,-0.03,-32670,-3.27
151,Exit short,2026-04-29 05:00,Long,27254.5,1,545690,600,0.11,5500,1.01,-655,-0.12,-32070,-3.21
151,Entry short,2026-04-28 05:30,Short,27284.5,1,545690,600,0.11,5500,1.01,-655,-0.12,-32070,-3.21
152,Exit long,2026-04-29 08:00,Short,27233.5,1,545090,-420,-0.08,680,0.12,-850,-0.16,-32490,-3.25
152,Entry long,2026-04-29 05:00,Long,27254.5,1,545090,-420,-0.08,680,0.12,-850,-0.16,-32490,-3.25
153,Exit short,2026-04-29 18:30,Long,27472.25,1,544670,-4775,-0.88,2790,0.51,-5330,-0.98,-37265,-3.73
153,Entry short,2026-04-29 08:00,Short,27233.5,1,544670,-4775,-0.88,2790,0.51,-5330,-0.98,-37265,-3.73
154,Exit long,2026-04-30 00:30,Long X,27250,1,549445,-4445,-0.81,3010,0.55,-4445,-0.81,-41710,-4.17
154,Entry long,2026-04-29 18:30,Long,27472.25,1,549445,-4445,-0.81,3010,0.55,-4445,-0.81,-41710,-4.17
155,Exit long,2026-05-04 16:15,Short,27761.5,1,547225,8005,1.46,12090,2.21,-600,-0.11,-33705,-3.37
155,Entry long,2026-04-30 11:30,Long,27361.25,1,547225,8005,1.46,12090,2.21,-600,-0.11,-33705,-3.37
156,Exit short,2026-05-05 01:45,Short X,27852.75,1,555230,-1825,-0.33,595,0.11,-1975,-0.36,-35530,-3.55
156,Entry short,2026-05-04 16:15,Short,27761.5,1,555230,-1825,-0.33,595,0.11,-1975,-0.36,-35530,-3.55
157,Exit long,2026-05-07 16:45,Short,28644,1,557720,15160,2.72,21175,3.80,-225,-0.04,-20370,-2.04
157,Entry long,2026-05-05 03:15,Long,27886,1,557720,15160,2.72,21175,3.80,-225,-0.04,-20370,-2.04
158,Exit short,2026-05-08 00:00,Short X,28784.75,1,572880,-2815,-0.49,2060,0.36,-2815,-0.49,-23185,-2.32
158,Entry short,2026-05-07 16:45,Short,28644,1,572880,-2815,-0.49,2060,0.36,-2815,-0.49,-23185,-2.32
159,Exit long,2026-05-12 01:15,Short,29297,1,575485,10455,1.82,14115,2.45,-320,-0.06,-12730,-1.27
159,Entry long,2026-05-08 00:15,Long,28774.25,1,575485,10455,1.82,14115,2.45,-320,-0.06,-12730,-1.27
160,Exit short,2026-05-13 04:00,Short X,29419,1,585940,-2440,-0.42,11100,1.89,-2440,-0.42,-15170,-1.52
160,Entry short,2026-05-12 01:15,Short,29297,1,585940,-2440,-0.42,11100,1.89,-2440,-0.42,-15170,-1.52
161,Exit long,2026-05-15 00:45,Short,29462.5,1,586455,2795,0.48,9185,1.57,-825,-0.14,-12375,-1.24
161,Entry long,2026-05-13 11:00,Long,29322.75,1,586455,2795,0.48,9185,1.57,-825,-0.14,-12375,-1.24
162,Exit short,2026-05-20 20:00,Long,29208.5,1,589250,5080,0.86,15990,2.71,-485,-0.08,-7295,-0.73
162,Entry short,2026-05-15 00:45,Short,29462.5,1,589250,5080,0.86,15990,2.71,-485,-0.08,-7295,-0.73
163,Exit long,2026-05-26 01:00,Short,29805.25,1,584170,11935,2.04,15730,2.69,-1630,-0.28,4640,0.46
163,Entry long,2026-05-20 20:00,Long,29208.5,1,584170,11935,2.04,15730,2.69,-1630,-0.28,4640,0.46
164,Exit short,2026-05-26 08:30,Short X,29930,1,596105,-2495,-0.42,1225,0.21,-2495,-0.42,2145,0.21
164,Entry short,2026-05-26 01:00,Short,29805.25,1,596105,-2495,-0.42,1225,0.21,-2495,-0.42,2145,0.21
165,Exit long,2026-05-27 18:30,Short,30044.75,1,600920,-25,0.00,6660,1.11,-3370,-0.56,2120,0.21
165,Entry long,2026-05-26 14:15,Long,30046,1,600920,-25,0.00,6660,1.11,-3370,-0.56,2120,0.21
166,Exit short,2026-05-28 12:15,Short X,30291.75,1,600895,-4940,-0.82,5635,0.94,-4965,-0.83,-2820,-0.28
166,Entry short,2026-05-27 18:30,Short,30044.75,1,600895,-4940,-0.82,5635,0.94,-4965,-0.83,-2820,-0.28
167,Exit long,2026-06-03 16:30,Short,30501.75,1,606365,3670,0.61,9790,1.61,-2035,-0.34,850,0.09
167,Entry long,2026-05-28 19:15,Long,30318.25,1,606365,3670,0.61,9790,1.61,-2035,-0.34,850,0.09
168,Exit short,2026-06-08 19:00,Long,29454.5,1,610035,20945,3.43,34410,5.64,-2030,-0.33,21795,2.18
168,Entry short,2026-06-03 16:30,Short,30501.75,1,610035,20945,3.43,34410,5.64,-2030,-0.33,21795,2.18
169,Exit long,2026-06-08 20:45,Short,29337.75,1,589090,-2335,-0.40,550,0.09,-3020,-0.51,19460,1.95
169,Entry long,2026-06-08 19:00,Long,29454.5,1,589090,-2335,-0.40,550,0.09,-3020,-0.51,19460,1.95
170,Exit short,2026-06-08 23:30,Short X,29572.5,1,586755,-4695,-0.80,175,0.03,-4695,-0.80,14765,1.48
170,Entry short,2026-06-08 20:45,Short,29337.75,1,586755,-4695,-0.80,175,0.03,-4695,-0.80,14765,1.48
171,Exit short,2026-06-11 04:15,Long,28907.25,1,578945,800,0.14,13630,2.35,-6055,-1.05,15565,1.56
171,Entry short,2026-06-10 03:30,Short,28947.25,1,578945,800,0.14,13630,2.35,-6055,-1.05,15565,1.56
172,Exit long,2026-06-11 08:15,Long X,28719.25,1,578145,-3760,-0.65,575,0.10,-3760,-0.65,11805,1.18
172,Entry long,2026-06-11 04:15,Long,28907.25,1,578145,-3760,-0.65,575,0.10,-3760,-0.65,11805,1.18
173,Exit long,2026-06-16 15:45,Short,30310,1,576920,29280,5.08,42590,7.38,-3350,-0.58,41085,4.11
173,Entry long,2026-06-11 12:15,Long,28846,1,576920,29280,5.08,42590,7.38,-3350,-0.58,41085,4.11
174,Exit short,2026-06-16 23:30,Short X,30456.75,1,606200,-2935,-0.48,755,0.12,-3060,-0.50,38150,3.82
174,Entry short,2026-06-16 15:45,Short,30310,1,606200,-2935,-0.48,755,0.12,-3060,-0.50,38150,3.82
175,Exit short,2026-06-18 08:00,Long,30432.25,1,610195,1550,0.25,11735,1.92,-720,-0.12,39700,3.97
175,Entry short,2026-06-17 04:45,Short,30509.75,1,610195,1550,0.25,11735,1.92,-720,-0.12,39700,3.97
176,Exit long,2026-06-21 22:30,Short,30597,1,608645,3295,0.54,7020,1.15,-1895,-0.31,42995,4.30
176,Entry long,2026-06-18 08:00,Long,30432.25,1,608645,3295,0.54,7020,1.15,-1895,-0.31,42995,4.30
177,Exit short,2026-06-22 01:30,Long,30638.25,1,611940,-825,-0.13,1460,0.24,-1360,-0.22,42170,4.22
177,Entry short,2026-06-21 22:30,Short,30597,1,611940,-825,-0.13,1460,0.24,-1360,-0.22,42170,4.22
178,Exit long,2026-06-22 15:15,Short,30552.75,1,612765,-1710,-0.28,6595,1.08,-2705,-0.44,40460,4.05
178,Entry long,2026-06-22 01:30,Long,30638.25,1,612765,-1710,-0.28,6595,1.08,-2705,-0.44,40460,4.05
179,Exit short,2026-06-24 23:30,Long,30010.75,1,611055,10840,1.77,25760,4.22,-2970,-0.49,51300,5.13
179,Entry short,2026-06-22 15:15,Short,30552.75,1,611055,10840,1.77,25760,4.22,-2970,-0.49,51300,5.13
180,Exit long,2026-06-25 09:30,Long X,29817,1,600215,-3875,-0.65,5060,0.84,-3875,-0.65,47425,4.74
180,Entry long,2026-06-24 23:30,Long,30010.75,1,600215,-3875,-0.65,5060,0.84,-3875,-0.65,47425,4.74
181,Exit short,2026-06-26 16:45,Open,29283,1,593240,7580,1.28,10030,1.69,-4615,-0.78,55005,5.50
181,Entry short,2026-06-25 18:30,Short,29662,1,593240,7580,1.28,10030,1.69,-4615,-0.78,55005,5.50